IP,isBad
13.59.205.66,True
54.193.127.66,True
54.215.192.52,True
34.203.203.23,True
139.99.115.204,True
5.252.177.25,True
5.252.177.21,True
204.188.205.176,True
51.89.125.18,True
167.114.213.199,True
3.101.88.204,True
8.18.144.1,True
8.18.144.10,True
8.18.144.106,True
8.18.144.107,True
8.18.144.11,True
8.18.144.112,True
8.18.144.128,True
8.18.144.129,True
8.18.144.130,True
8.18.144.131,True
8.18.144.136,True
8.18.144.137,True
8.18.144.138,True
8.18.144.139,True
8.18.144.149,True
8.18.144.157,True
8.18.144.159,True
8.18.144.160,True
8.18.144.161,True
8.18.144.162,True
8.18.144.163,True
8.18.144.168,True
8.18.144.169,True
8.18.144.170,True
8.18.144.171,True
8.18.144.180,True
8.18.144.182,True
8.18.144.188,True
8.18.144.190,True
8.18.144.193,True
8.18.144.2,True
8.18.144.225,True
8.18.144.234,True
8.18.144.235,True
8.18.144.240,True
8.18.144.28,True
8.18.144.3,True
8.18.144.30,True
8.18.144.32,True
8.18.144.33,True
8.18.144.34,True
8.18.144.35,True
8.18.144.40,True
8.18.144.41,True
8.18.144.42,True
8.18.144.43,True
8.18.144.53,True
8.18.144.54,True
8.18.144.62,True
8.18.144.63,True
8.18.144.64,True
8.18.144.65,True
8.18.144.74,True
8.18.144.8,True
8.18.144.9,True
8.18.144.96,True
8.18.144.97,True
8.18.144.99,True
8.18.145.1,True
8.18.145.10,True
8.18.145.106,True
8.18.145.107,True
8.18.145.11,True
8.18.145.128,True
8.18.145.129,True
8.18.145.130,True
8.18.145.131,True
8.18.145.136,True
8.18.145.137,True
8.18.145.138,True
8.18.145.139,True
8.18.145.148,True
8.18.145.151,True
8.18.145.156,True
8.18.145.158,True
8.18.145.159,True
8.18.145.160,True
8.18.145.161,True
8.18.145.162,True
8.18.145.163,True
8.18.145.168,True
8.18.145.169,True
8.18.145.170,True
8.18.145.171,True
8.18.145.182,True
8.18.145.188,True
8.18.145.189,True
8.18.145.190,True
8.18.145.191,True
8.18.145.192,True
8.18.145.193,True
8.18.145.2,True
8.18.145.20,True
8.18.145.200,True
8.18.145.201,True
8.18.145.217,True
8.18.145.22,True
8.18.145.223,True
8.18.145.23,True
8.18.145.240,True
8.18.145.28,True
8.18.145.32,True
8.18.145.33,True
8.18.145.34,True
8.18.145.35,True
8.18.145.40,True
8.18.145.41,True
8.18.145.42,True
8.18.145.43,True
8.18.145.52,True
8.18.145.53,True
8.18.145.55,True
8.18.145.66,True
8.18.145.75,True
8.18.145.8,True
8.18.145.81,True
8.18.145.9,True
8.18.145.98,True
13.56.226.124,True
13.65.251.83,True
13.84.134.105,True
13.90.103.231,True
13.92.233.22,True
18.130.193.22,True
20.140.0.185,True
20.140.0.81,True
20.140.100.139,True
20.140.10.221,True
20.140.104.94,True
20.140.107.234,True
20.140.112.220,True
20.140.112.243,True
20.140.114.106,True
20.140.114.189,True
20.140.114.200,True
20.140.116.15,True
20.140.1.170,True
20.140.119.154,True
20.140.119.196,True
20.140.122.138,True
20.140.122.210,True
20.140.123.240,True
20.140.124.8,True
20.140.128.33,True
20.140.130.157,True
20.140.131.21,True
20.140.137.231,True
20.140.139.227,True
20.140.141.136,True
20.140.145.112,True
20.140.145.166,True
20.140.146.105,True
20.140.146.62,True
20.140.153.181,True
20.140.154.101,True
20.140.154.172,True
20.140.156.151,True
20.140.159.169,True
20.140.160.147,True
20.140.160.240,True
20.140.161.165,True
20.140.162.103,True
20.140.16.213,True
20.140.162.161,True
20.140.164.117,True
20.140.168.245,True
20.140.169.31,True
20.140.171.1,True
20.140.173.218,True
20.140.173.31,True
20.140.174.227,True
20.140.180.78,True
20.140.182.97,True
20.140.186.9,True
20.140.187.224,True
20.140.190.142,True
20.140.192.20,True
20.140.195.178,True
20.140.196.230,True
20.140.198.77,True
20.140.199.190,True
20.140.200.89,True
20.140.201.138,True
20.140.203.164,True
20.140.208.247,True
20.140.209.163,True
20.140.210.8,True
20.140.211.161,True
20.140.212.45,True
20.140.212.62,True
20.140.213.144,True
20.140.215.25,True
20.140.216.43,True
20.140.220.20,True
20.140.221.17,True
20.140.22.238,True
20.140.227.4,True
20.140.229.31,True
20.140.230.252,True
20.140.230.9,True
20.140.23.106,True
20.140.235.69,True
20.140.236.165,True
20.140.238.11,True
20.140.240.57,True
20.140.241.12,True
20.140.244.106,True
20.140.248.124,True
20.140.248.170,True
20.140.250.63,True
20.140.251.174,True
20.140.251.188,True
20.140.253.160,True
20.140.33.21,True
20.140.35.209,True
20.140.37.193,True
20.140.39.249,True
20.140.42.134,True
20.140.53.77,True
20.140.58.231,True
20.140.60.142,True
20.140.60.229,True
20.140.61.217,True
20.140.6.165,True
20.140.62.111,True
20.140.65.188,True
20.140.71.226,True
20.140.73.228,True
20.140.73.242,True
20.140.74.185,True
20.140.75.245,True
20.140.77.215,True
20.140.80.233,True
20.140.88.52,True
20.140.91.208,True
20.140.92.229,True
20.140.92.255,True
20.140.93.134,True
20.140.98.16,True
20.140.98.35,True
20.141.0.77,True
20.141.101.195,True
20.141.102.16,True
20.141.103.247,True
20.141.103.249,True
20.141.105.180,True
20.141.107.14,True
20.141.108.200,True
20.141.108.37,True
20.141.113.162,True
20.141.115.124,True
20.141.115.63,True
20.141.11.87,True
20.141.124.206,True
20.141.124.234,True
20.141.125.21,True
20.141.127.135,True
20.141.129.167,True
20.141.132.221,True
20.141.134.123,True
20.141.136.126,True
20.141.137.173,True
20.141.140.208,True
20.141.141.167,True
20.141.143.23,True
20.141.145.115,True
20.141.145.137,True
20.141.145.160,True
20.141.148.218,True
20.141.15.1,True
20.141.15.111,True
20.141.151.169,True
20.141.152.103,True
20.141.153.203,True
20.141.153.78,True
20.141.154.28,True
20.141.156.23,True
20.141.160.211,True
20.141.161.130,True
20.141.16.202,True
20.141.167.253,True
20.141.169.103,True
20.141.169.17,True
20.141.172.246,True
20.141.172.67,True
20.141.17.3,True
20.141.173.105,True
20.141.173.122,True
20.141.173.79,True
20.141.176.128,True
20.141.176.220,True
20.141.177.96,True
20.141.185.103,True
20.141.185.49,True
20.141.188.5,True
20.141.189.235,True
20.141.191.92,True
20.141.192.148,True
20.141.202.109,True
20.141.202.80,True
20.141.20.48,True
20.141.206.150,True
20.141.207.201,True
20.141.207.213,True
20.141.207.34,True
20.141.208.110,True
20.141.208.220,True
20.141.210.72,True
20.141.211.185,True
20.141.214.207,True
20.141.214.244,True
20.141.216.224,True
20.141.218.137,True
20.141.219.10,True
20.141.219.12,True
20.141.223.147,True
20.141.223.161,True
20.141.225.147,True
20.141.225.37,True
20.141.225.82,True
20.141.227.158,True
20.141.230.109,True
20.141.230.134,True
20.141.230.18,True
20.141.231.120,True
20.141.235.1,True
20.141.236.236,True
20.141.238.9,True
20.141.240.169,True
20.141.243.75,True
20.141.245.250,True
20.141.247.207,True
20.141.25.180,True
20.141.255.183,True
20.141.255.41,True
20.141.34.27,True
20.141.34.98,True
20.141.36.50,True
20.141.40.176,True
20.141.42.116,True
20.141.42.89,True
20.141.47.31,True
20.141.48.63,True
20.141.49.192,True
20.141.51.22,True
20.141.51.230,True
20.141.52.223,True
20.141.53.10,True
20.141.55.22,True
20.141.59.224,True
20.141.59.57,True
20.141.63.17,True
20.141.64.21,True
20.141.68.74,True
20.141.69.131,True
20.141.71.54,True
20.141.72.37,True
20.141.72.50,True
20.141.73.28,True
20.141.73.97,True
20.141.74.151,True
20.141.75.180,True
20.141.80.1,True
20.141.81.210,True
20.141.82.242,True
20.141.83.205,True
20.141.90.48,True
20.141.9.167,True
20.141.92.85,True
20.141.95.188,True
20.141.95.77,True
34.239.173.174,True
41.84.159.10,True
41.84.159.113,True
41.84.159.123,True
41.84.159.130,True
41.84.159.170,True
41.84.159.182,True
41.84.159.195,True
41.84.159.216,True
41.84.159.222,True
41.84.159.35,True
41.84.159.49,True
41.84.159.50,True
41.84.159.54,True
41.84.159.73,True
41.84.159.88,True
41.84.159.93,True
41.84.159.97,True
45.58.190.82,True
50.63.202.33,True
50.63.202.36,True
50.63.202.39,True
50.63.202.41,True
50.63.202.49,True
50.63.202.54,True
50.63.202.56,True
50.63.202.58,True
52.170.43.150,True
52.171.135.15,True
52.171.141.69,True
54.164.147.101,True
64.32.22.101,True
70.39.125.243,True
71.152.53.1,True
71.152.53.10,True
71.152.53.104,True
71.152.53.105,True
71.152.53.11,True
71.152.53.128,True
71.152.53.129,True
71.152.53.130,True
71.152.53.131,True
71.152.53.136,True
71.152.53.137,True
71.152.53.138,True
71.152.53.139,True
71.152.53.149,True
71.152.53.150,True
71.152.53.151,True
71.152.53.156,True
71.152.53.157,True
71.152.53.158,True
71.152.53.159,True
71.152.53.160,True
71.152.53.161,True
71.152.53.162,True
71.152.53.163,True
71.152.53.168,True
71.152.53.169,True
71.152.53.170,True
71.152.53.171,True
71.152.53.180,True
71.152.53.181,True
71.152.53.182,True
71.152.53.188,True
71.152.53.189,True
71.152.53.190,True
71.152.53.191,True
71.152.53.192,True
71.152.53.194,True
71.152.53.2,True
71.152.53.200,True
71.152.53.201,True
71.152.53.202,True
71.152.53.21,True
71.152.53.22,True
71.152.53.224,True
71.152.53.23,True
71.152.53.234,True
71.152.53.29,True
71.152.53.3,True
71.152.53.30,True
71.152.53.31,True
71.152.53.32,True
71.152.53.33,True
71.152.53.34,True
71.152.53.35,True
71.152.53.40,True
71.152.53.41,True
71.152.53.42,True
71.152.53.43,True
71.152.53.52,True
71.152.53.53,True
71.152.53.54,True
71.152.53.55,True
71.152.53.60,True
71.152.53.61,True
71.152.53.62,True
71.152.53.66,True
71.152.53.72,True
71.152.53.74,True
71.152.53.75,True
71.152.53.8,True
71.152.53.9,True
71.152.53.96,True
71.152.53.99,True
74.114.26.53,True
87.238.80.1,True
87.238.80.106,True
87.238.80.11,True
87.238.80.128,True
87.238.80.129,True
87.238.80.131,True
87.238.80.136,True
87.238.80.137,True
87.238.80.138,True
87.238.80.139,True
87.238.80.150,True
87.238.80.160,True
87.238.80.161,True
87.238.80.162,True
87.238.80.168,True
87.238.80.169,True
87.238.80.170,True
87.238.80.171,True
87.238.80.182,True
87.238.80.192,True
87.238.80.2,True
87.238.80.20,True
87.238.80.22,True
87.238.80.227,True
87.238.80.3,True
87.238.80.33,True
87.238.80.34,True
87.238.80.35,True
87.238.80.40,True
87.238.80.42,True
87.238.80.43,True
87.238.80.54,True
87.238.80.65,True
87.238.80.67,True
87.238.80.72,True
87.238.80.8,True
87.238.80.9,True
87.238.81.1,True
87.238.81.101,True
87.238.81.11,True
87.238.81.120,True
87.238.81.128,True
87.238.81.136,True
87.238.81.138,True
87.238.81.139,True
87.238.81.151,True
87.238.81.160,True
87.238.81.161,True
87.238.81.162,True
87.238.81.163,True
87.238.81.168,True
87.238.81.169,True
87.238.81.180,True
87.238.81.190,True
87.238.81.196,True
87.238.81.2,True
87.238.81.201,True
87.238.81.21,True
87.238.81.224,True
87.238.81.235,True
87.238.81.28,True
87.238.81.3,True
87.238.81.32,True
87.238.81.33,True
87.238.81.34,True
87.238.81.40,True
87.238.81.42,True
87.238.81.43,True
87.238.81.66,True
87.238.81.75,True
87.238.81.8,True
87.238.81.9,True
87.238.81.96,True
87.238.81.99,True
87.238.82.1,True
87.238.82.10,True
87.238.82.129,True
87.238.82.130,True
87.238.82.131,True
87.238.82.136,True
87.238.82.138,True
87.238.82.139,True
87.238.82.156,True
87.238.82.159,True
87.238.82.160,True
87.238.82.161,True
87.238.82.162,True
87.238.82.163,True
87.238.82.168,True
87.238.82.169,True
87.238.82.170,True
87.238.82.171,True
87.238.82.180,True
87.238.82.191,True
87.238.82.2,True
87.238.82.23,True
87.238.82.233,True
87.238.82.29,True
87.238.82.3,True
87.238.82.30,True
87.238.82.32,True
87.238.82.33,True
87.238.82.34,True
87.238.82.35,True
87.238.82.40,True
87.238.82.41,True
87.238.82.63,True
87.238.82.64,True
87.238.82.74,True
87.238.82.8,True
87.238.82.9,True
87.238.83.1,True
87.238.83.11,True
87.238.83.128,True
87.238.83.129,True
87.238.83.130,True
87.238.83.131,True
87.238.83.138,True
87.238.83.139,True
87.238.83.156,True
87.238.83.160,True
87.238.83.161,True
87.238.83.162,True
87.238.83.163,True
87.238.83.168,True
87.238.83.171,True
87.238.83.188,True
87.238.83.189,True
87.238.83.193,True
87.238.83.2,True
87.238.83.202,True
87.238.83.30,True
87.238.83.32,True
87.238.83.33,True
87.238.83.34,True
87.238.83.35,True
87.238.83.41,True
87.238.83.42,True
87.238.83.43,True
87.238.83.60,True
87.238.83.66,True
87.238.83.9,True
87.238.84.1,True
87.238.84.10,True
87.238.84.11,True
87.238.84.129,True
87.238.84.130,True
87.238.84.136,True
87.238.84.137,True
87.238.84.139,True
87.238.84.150,True
87.238.84.160,True
87.238.84.161,True
87.238.84.162,True
87.238.84.163,True
87.238.84.168,True
87.238.84.169,True
87.238.84.170,True
87.238.84.171,True
87.238.84.181,True
87.238.84.190,True
87.238.84.191,True
87.238.84.193,True
87.238.84.194,True
87.238.84.2,True
87.238.84.20,True
87.238.84.201,True
87.238.84.224,True
87.238.84.227,True
87.238.84.23,True
87.238.84.235,True
87.238.84.32,True
87.238.84.33,True
87.238.84.35,True
87.238.84.40,True
87.238.84.41,True
87.238.84.42,True
87.238.84.43,True
87.238.84.60,True
87.238.84.61,True
87.238.84.75,True
87.238.84.78,True
87.238.84.8,True
87.238.84.9,True
87.238.84.97,True
87.238.85.10,True
87.238.85.107,True
87.238.85.11,True
87.238.85.128,True
87.238.85.130,True
87.238.85.131,True
87.238.85.136,True
87.238.85.138,True
87.238.85.151,True
87.238.85.158,True
87.238.85.160,True
87.238.85.161,True
87.238.85.162,True
87.238.85.163,True
87.238.85.168,True
87.238.85.169,True
87.238.85.180,True
87.238.85.181,True
87.238.85.2,True
87.238.85.202,True
87.238.85.32,True
87.238.85.33,True
87.238.85.34,True
87.238.85.35,True
87.238.85.40,True
87.238.85.41,True
87.238.85.42,True
87.238.85.43,True
87.238.85.60,True
87.238.85.62,True
87.238.85.8,True
87.238.85.9,True
87.238.86.1,True
87.238.86.10,True
87.238.86.105,True
87.238.86.106,True
87.238.86.11,True
87.238.86.128,True
87.238.86.130,True
87.238.86.131,True
87.238.86.136,True
87.238.86.138,True
87.238.86.149,True
87.238.86.151,True
87.238.86.160,True
87.238.86.161,True
87.238.86.162,True
87.238.86.168,True
87.238.86.169,True
87.238.86.170,True
87.238.86.171,True
87.238.86.182,True
87.238.86.188,True
87.238.86.195,True
87.238.86.2,True
87.238.86.201,True
87.238.86.3,True
87.238.86.30,True
87.238.86.32,True
87.238.86.33,True
87.238.86.34,True
87.238.86.35,True
87.238.86.40,True
87.238.86.42,True
87.238.86.43,True
87.238.86.55,True
87.238.86.64,True
87.238.86.67,True
87.238.86.9,True
87.238.87.1,True
87.238.87.10,True
87.238.87.11,True
87.238.87.128,True
87.238.87.130,True
87.238.87.137,True
87.238.87.138,True
87.238.87.139,True
87.238.87.151,True
87.238.87.158,True
87.238.87.160,True
87.238.87.162,True
87.238.87.163,True
87.238.87.168,True
87.238.87.169,True
87.238.87.171,True
87.238.87.2,True
87.238.87.201,True
87.238.87.22,True
87.238.87.227,True
87.238.87.232,True
87.238.87.29,True
87.238.87.3,True
87.238.87.33,True
87.238.87.34,True
87.238.87.35,True
87.238.87.41,True
87.238.87.42,True
87.238.87.43,True
87.238.87.55,True
87.238.87.62,True
87.238.87.65,True
87.238.87.66,True
87.238.87.8,True
87.238.87.9,True
87.238.87.98,True
96.31.172.1,True
96.31.172.10,True
96.31.172.100,True
96.31.172.101,True
96.31.172.102,True
96.31.172.103,True
96.31.172.104,True
96.31.172.105,True
96.31.172.106,True
96.31.172.107,True
96.31.172.108,True
96.31.172.109,True
96.31.172.11,True
96.31.172.110,True
96.31.172.111,True
96.31.172.112,True
96.31.172.113,True
96.31.172.114,True
96.31.172.115,True
96.31.172.117,True
96.31.172.118,True
96.31.172.119,True
96.31.172.12,True
96.31.172.120,True
96.31.172.121,True
96.31.172.122,True
96.31.172.123,True
96.31.172.124,True
96.31.172.125,True
96.31.172.126,True
96.31.172.127,True
96.31.172.128,True
96.31.172.129,True
96.31.172.13,True
96.31.172.130,True
96.31.172.131,True
96.31.172.132,True
96.31.172.133,True
96.31.172.134,True
96.31.172.135,True
96.31.172.136,True
96.31.172.137,True
96.31.172.138,True
96.31.172.139,True
96.31.172.14,True
96.31.172.140,True
96.31.172.141,True
96.31.172.142,True
96.31.172.144,True
96.31.172.145,True
96.31.172.146,True
96.31.172.147,True
96.31.172.148,True
96.31.172.149,True
96.31.172.150,True
96.31.172.152,True
96.31.172.153,True
96.31.172.154,True
96.31.172.155,True
96.31.172.156,True
96.31.172.158,True
96.31.172.16,True
96.31.172.160,True
96.31.172.161,True
96.31.172.162,True
96.31.172.163,True
96.31.172.164,True
96.31.172.165,True
96.31.172.167,True
96.31.172.168,True
96.31.172.169,True
96.31.172.17,True
96.31.172.170,True
96.31.172.171,True
96.31.172.172,True
96.31.172.173,True
96.31.172.174,True
96.31.172.175,True
96.31.172.176,True
96.31.172.177,True
96.31.172.178,True
96.31.172.179,True
96.31.172.18,True
96.31.172.180,True
96.31.172.181,True
96.31.172.182,True
96.31.172.183,True
96.31.172.184,True
96.31.172.187,True
96.31.172.188,True
96.31.172.189,True
96.31.172.19,True
96.31.172.191,True
96.31.172.192,True
96.31.172.193,True
96.31.172.194,True
96.31.172.195,True
96.31.172.196,True
96.31.172.197,True
96.31.172.198,True
96.31.172.199,True
96.31.172.2,True
96.31.172.20,True
96.31.172.200,True
96.31.172.201,True
96.31.172.202,True
96.31.172.203,True
96.31.172.204,True
96.31.172.205,True
96.31.172.206,True
96.31.172.207,True
96.31.172.208,True
96.31.172.209,True
96.31.172.21,True
96.31.172.210,True
96.31.172.211,True
96.31.172.212,True
96.31.172.213,True
96.31.172.214,True
96.31.172.215,True
96.31.172.216,True
96.31.172.217,True
96.31.172.218,True
96.31.172.219,True
96.31.172.22,True
96.31.172.220,True
96.31.172.221,True
96.31.172.222,True
96.31.172.223,True
96.31.172.224,True
96.31.172.225,True
96.31.172.226,True
96.31.172.228,True
96.31.172.229,True
96.31.172.23,True
96.31.172.231,True
96.31.172.232,True
96.31.172.233,True
96.31.172.235,True
96.31.172.236,True
96.31.172.237,True
96.31.172.238,True
96.31.172.239,True
96.31.172.24,True
96.31.172.240,True
96.31.172.241,True
96.31.172.242,True
96.31.172.243,True
96.31.172.244,True
96.31.172.245,True
96.31.172.246,True
96.31.172.247,True
96.31.172.248,True
96.31.172.249,True
96.31.172.25,True
96.31.172.250,True
96.31.172.251,True
96.31.172.252,True
96.31.172.253,True
96.31.172.254,True
96.31.172.255,True
96.31.172.26,True
96.31.172.27,True
96.31.172.28,True
96.31.172.3,True
96.31.172.30,True
96.31.172.31,True
96.31.172.33,True
96.31.172.34,True
96.31.172.35,True
96.31.172.36,True
96.31.172.37,True
96.31.172.38,True
96.31.172.39,True
96.31.172.4,True
96.31.172.40,True
96.31.172.41,True
96.31.172.42,True
96.31.172.43,True
96.31.172.44,True
96.31.172.45,True
96.31.172.47,True
96.31.172.48,True
96.31.172.49,True
96.31.172.5,True
96.31.172.50,True
96.31.172.51,True
96.31.172.52,True
96.31.172.53,True
96.31.172.54,True
96.31.172.55,True
96.31.172.56,True
96.31.172.57,True
96.31.172.58,True
96.31.172.59,True
96.31.172.6,True
96.31.172.60,True
96.31.172.61,True
96.31.172.62,True
96.31.172.63,True
96.31.172.64,True
96.31.172.65,True
96.31.172.66,True
96.31.172.67,True
96.31.172.68,True
96.31.172.69,True
96.31.172.7,True
96.31.172.70,True
96.31.172.71,True
96.31.172.72,True
96.31.172.73,True
96.31.172.74,True
96.31.172.75,True
96.31.172.76,True
96.31.172.77,True
96.31.172.78,True
96.31.172.79,True
96.31.172.8,True
96.31.172.80,True
96.31.172.82,True
96.31.172.83,True
96.31.172.84,True
96.31.172.85,True
96.31.172.86,True
96.31.172.87,True
96.31.172.88,True
96.31.172.89,True
96.31.172.9,True
96.31.172.90,True
96.31.172.91,True
96.31.172.92,True
96.31.172.93,True
96.31.172.94,True
96.31.172.95,True
96.31.172.96,True
96.31.172.97,True
96.31.172.98,True
96.31.172.99,True
99.79.212.20,True
99.79.245.20,True
107.161.23.204,True
107.191.99.119,True
131.228.12.1,True
131.228.12.106,True
131.228.12.11,True
131.228.12.123,True
131.228.12.13,True
131.228.12.134,True
131.228.12.139,True
131.228.12.149,True
131.228.12.151,True
131.228.12.164,True
131.228.12.169,True
131.228.12.17,True
131.228.12.170,True
131.228.12.172,True
131.228.12.174,True
131.228.12.177,True
131.228.12.182,True
131.228.12.187,True
131.228.12.188,True
131.228.12.194,True
131.228.12.195,True
131.228.12.196,True
131.228.12.198,True
131.228.12.214,True
131.228.12.215,True
131.228.12.218,True
131.228.12.22,True
131.228.12.23,True
131.228.12.235,True
131.228.12.238,True
131.228.12.242,True
131.228.12.249,True
131.228.12.251,True
131.228.12.31,True
131.228.12.34,True
131.228.12.37,True
131.228.12.4,True
131.228.12.41,True
131.228.12.42,True
131.228.12.45,True
131.228.12.46,True
131.228.12.49,True
131.228.12.52,True
131.228.12.6,True
131.228.12.62,True
131.228.12.66,True
131.228.12.67,True
131.228.12.70,True
131.228.12.76,True
131.228.12.77,True
131.228.12.78,True
131.228.12.81,True
131.228.12.92,True
131.228.12.95,True
131.228.12.97,True
131.228.12.99,True
131.228.13.1,True
131.228.13.105,True
131.228.13.106,True
131.228.13.107,True
131.228.13.124,True
131.228.13.127,True
131.228.13.134,True
131.228.13.138,True
131.228.13.140,True
131.228.13.143,True
131.228.13.144,True
131.228.13.15,True
131.228.13.150,True
131.228.13.155,True
131.228.13.156,True
131.228.13.157,True
131.228.13.159,True
131.228.13.167,True
131.228.13.169,True
131.228.13.176,True
131.228.13.178,True
131.228.13.179,True
131.228.13.200,True
131.228.13.21,True
131.228.13.210,True
131.228.13.211,True
131.228.13.213,True
131.228.13.223,True
131.228.13.225,True
131.228.13.226,True
131.228.13.227,True
131.228.13.228,True
131.228.13.230,True
131.228.13.235,True
131.228.13.237,True
131.228.13.247,True
131.228.13.249,True
131.228.13.251,True
131.228.13.27,True
131.228.13.31,True
131.228.13.36,True
131.228.13.38,True
131.228.13.45,True
131.228.13.5,True
131.228.13.57,True
131.228.13.58,True
131.228.13.6,True
131.228.13.61,True
131.228.13.63,True
131.228.13.75,True
131.228.13.82,True
131.228.13.84,True
131.228.13.85,True
131.228.13.88,True
131.228.13.9,True
131.228.13.95,True
131.228.13.96,True
131.228.13.99,True
131.228.14.1,True
131.228.14.10,True
131.228.14.106,True
131.228.14.110,True
131.228.14.113,True
131.228.14.115,True
131.228.14.116,True
131.228.14.117,True
131.228.14.125,True
131.228.14.126,True
131.228.14.127,True
131.228.14.13,True
131.228.14.140,True
131.228.14.154,True
131.228.14.156,True
131.228.14.157,True
131.228.14.163,True
131.228.14.166,True
131.228.14.167,True
131.228.14.174,True
131.228.14.176,True
131.228.14.178,True
131.228.14.18,True
131.228.14.190,True
131.228.14.208,True
131.228.14.216,True
131.228.14.221,True
131.228.14.224,True
131.228.14.233,True
131.228.14.238,True
131.228.14.244,True
131.228.14.247,True
131.228.14.248,True
131.228.14.249,True
131.228.14.251,True
131.228.14.31,True
131.228.14.33,True
131.228.14.36,True
131.228.14.38,True
131.228.14.41,True
131.228.14.42,True
131.228.14.48,True
131.228.14.53,True
131.228.14.57,True
131.228.14.6,True
131.228.14.61,True
131.228.14.7,True
131.228.14.70,True
131.228.14.72,True
131.228.14.81,True
131.228.14.82,True
131.228.14.83,True
131.228.14.97,True
131.228.15.1,True
131.228.15.10,True
131.228.15.101,True
131.228.15.116,True
131.228.15.119,True
131.228.15.122,True
131.228.15.123,True
131.228.15.131,True
131.228.15.133,True
131.228.15.135,True
131.228.15.136,True
131.228.15.139,True
131.228.15.145,True
131.228.15.150,True
131.228.15.178,True
131.228.15.179,True
131.228.15.180,True
131.228.15.189,True
131.228.15.191,True
131.228.15.20,True
131.228.15.200,True
131.228.15.201,True
131.228.15.202,True
131.228.15.203,True
131.228.15.204,True
131.228.15.205,True
131.228.15.207,True
131.228.15.209,True
131.228.15.21,True
131.228.15.215,True
131.228.15.218,True
131.228.15.220,True
131.228.15.23,True
131.228.15.246,True
131.228.15.250,True
131.228.15.29,True
131.228.15.31,True
131.228.15.36,True
131.228.15.37,True
131.228.15.42,True
131.228.15.43,True
131.228.15.47,True
131.228.15.55,True
131.228.15.6,True
131.228.15.61,True
131.228.15.64,True
131.228.15.68,True
131.228.15.72,True
131.228.15.73,True
131.228.15.76,True
131.228.15.78,True
131.228.15.80,True
131.228.15.81,True
131.228.15.82,True
131.228.15.87,True
131.228.15.89,True
131.228.15.9,True
131.228.15.94,True
131.228.15.99,True
144.86.226.1,True
144.86.226.10,True
144.86.226.102,True
144.86.226.105,True
144.86.226.108,True
144.86.226.11,True
144.86.226.114,True
144.86.226.115,True
144.86.226.117,True
144.86.226.12,True
144.86.226.120,True
144.86.226.121,True
144.86.226.122,True
144.86.226.123,True
144.86.226.127,True
144.86.226.128,True
144.86.226.129,True
144.86.226.13,True
144.86.226.130,True
144.86.226.135,True
144.86.226.137,True
144.86.226.139,True
144.86.226.140,True
144.86.226.141,True
144.86.226.142,True
144.86.226.143,True
144.86.226.144,True
144.86.226.146,True
144.86.226.147,True
144.86.226.149,True
144.86.226.150,True
144.86.226.151,True
144.86.226.152,True
144.86.226.155,True
144.86.226.157,True
144.86.226.16,True
144.86.226.161,True
144.86.226.163,True
144.86.226.164,True
144.86.226.167,True
144.86.226.168,True
144.86.226.173,True
144.86.226.175,True
144.86.226.179,True
144.86.226.18,True
144.86.226.184,True
144.86.226.186,True
144.86.226.188,True
144.86.226.189,True
144.86.226.193,True
144.86.226.196,True
144.86.226.2,True
144.86.226.200,True
144.86.226.21,True
144.86.226.211,True
144.86.226.212,True
144.86.226.216,True
144.86.226.218,True
144.86.226.219,True
144.86.226.222,True
144.86.226.224,True
144.86.226.225,True
144.86.226.228,True
144.86.226.23,True
144.86.226.236,True
144.86.226.238,True
144.86.226.240,True
144.86.226.242,True
144.86.226.244,True
144.86.226.245,True
144.86.226.248,True
144.86.226.252,True
144.86.226.29,True
144.86.226.3,True
144.86.226.33,True
144.86.226.35,True
144.86.226.36,True
144.86.226.39,True
144.86.226.40,True
144.86.226.47,True
144.86.226.48,True
144.86.226.49,True
144.86.226.5,True
144.86.226.52,True
144.86.226.55,True
144.86.226.57,True
144.86.226.62,True
144.86.226.67,True
144.86.226.68,True
144.86.226.69,True
144.86.226.72,True
144.86.226.73,True
144.86.226.75,True
144.86.226.78,True
144.86.226.81,True
144.86.226.84,True
144.86.226.85,True
144.86.226.89,True
144.86.226.9,True
144.86.226.91,True
144.86.226.96,True
144.86.226.97,True
144.86.226.98,True
144.86.226.99,True
146.112.61.104,True
146.112.61.107,True
154.118.140.185,True
154.118.140.65,True
173.44.37.208,True
184.168.221.38,True
184.168.221.42,True
184.168.221.44,True
184.168.221.53,True
184.168.221.58,True
184.72.181.52,True
188.164.131.200,True
192.161.187.200,True
198.251.81.30,True
198.251.84.92,True
199.201.117.1,True
199.201.117.10,True
199.201.117.104,True
199.201.117.106,True
199.201.117.107,True
199.201.117.11,True
199.201.117.128,True
199.201.117.129,True
199.201.117.130,True
199.201.117.131,True
199.201.117.136,True
199.201.117.137,True
199.201.117.138,True
199.201.117.139,True
199.201.117.148,True
199.201.117.149,True
199.201.117.151,True
199.201.117.157,True
199.201.117.158,True
199.201.117.159,True
199.201.117.160,True
199.201.117.161,True
199.201.117.162,True
199.201.117.163,True
199.201.117.168,True
199.201.117.169,True
199.201.117.170,True
199.201.117.171,True
199.201.117.182,True
199.201.117.188,True
199.201.117.190,True
199.201.117.195,True
199.201.117.2,True
199.201.117.20,True
199.201.117.201,True
199.201.117.21,True
199.201.117.22,True
199.201.117.225,True
199.201.117.227,True
199.201.117.23,True
199.201.117.28,True
199.201.117.29,True
199.201.117.3,True
199.201.117.30,True
199.201.117.31,True
199.201.117.32,True
199.201.117.33,True
199.201.117.34,True
199.201.117.35,True
199.201.117.40,True
199.201.117.41,True
199.201.117.42,True
199.201.117.43,True
199.201.117.52,True
199.201.117.54,True
199.201.117.55,True
199.201.117.60,True
199.201.117.61,True
199.201.117.62,True
199.201.117.64,True
199.201.117.66,True
199.201.117.67,True
199.201.117.69,True
199.201.117.71,True
199.201.117.8,True
199.201.117.9,True
199.201.117.96,True
199.201.117.99,True
204.188.203.154,True
209.141.38.71,True
217.163.7.139,True
217.163.7.201